https://batdongsan.com.vn/nha-dat-ban-ha-noi/nothing,0
https://batdongsan.com.vn/nha-dat-ban-ha-noi/,1
https://batdongsan.com.vn/nha-dat-ban-ha-noi/p2,2
https://batdongsan.com.vn/nha-dat-ban-ha-noi/p3,3
https://batdongsan.com.vn/nha-dat-ban-ha-noi/p4,4
https://batdongsan.com.vn/nha-dat-ban-ha-noi/p5,5
https://batdongsan.com.vn/nha-dat-ban-ha-noi/p6,6
https://batdongsan.com.vn/nha-dat-ban-ha-noi/p7,7
https://batdongsan.com.vn/nha-dat-ban-ha-noi/p8,8
https://batdongsan.com.vn/nha-dat-ban-ha-noi/p9,9
https://batdongsan.com.vn/nha-dat-ban-ha-noi/p10,10
https://batdongsan.com.vn/nha-dat-ban-ha-noi/p11,11
https://batdongsan.com.vn/nha-dat-ban-ha-noi/p12,12
https://batdongsan.com.vn/nha-dat-ban-ha-noi/p13,13
https://batdongsan.com.vn/nha-dat-ban-ha-noi/p14,14
https://batdongsan.com.vn/nha-dat-ban-ha-noi/p15,15
https://batdongsan.com.vn/nha-dat-ban-ha-noi/p16,16
https://batdongsan.com.vn/nha-dat-ban-ha-noi/p17,17
https://batdongsan.com.vn/nha-dat-ban-ha-noi/p18,18
https://batdongsan.com.vn/nha-dat-ban-ha-noi/p19,19
https://batdongsan.com.vn/nha-dat-ban-ha-noi/p20,20
https://batdongsan.com.vn/nha-dat-ban-ha-noi/p21,21
https://batdongsan.com.vn/nha-dat-ban-ha-noi/p22,22
https://batdongsan.com.vn/nha-dat-ban-ha-noi/p23,23
https://batdongsan.com.vn/nha-dat-ban-ha-noi/p24,24
https://batdongsan.com.vn/nha-dat-ban-ha-noi/p25,25
https://batdongsan.com.vn/nha-dat-ban-ha-noi/p26,26
https://batdongsan.com.vn/nha-dat-ban-ha-noi/p27,27
https://batdongsan.com.vn/nha-dat-ban-ha-noi/p28,28
https://batdongsan.com.vn/nha-dat-ban-ha-noi/p29,29
https://batdongsan.com.vn/nha-dat-ban-ha-noi/p30,30
https://batdongsan.com.vn/nha-dat-ban-ha-noi/p31,31
https://batdongsan.com.vn/nha-dat-ban-ha-noi/p32,32
https://batdongsan.com.vn/nha-dat-ban-ha-noi/p33,33
https://batdongsan.com.vn/nha-dat-ban-ha-noi/p34,34
https://batdongsan.com.vn/nha-dat-ban-ha-noi/p35,35
https://batdongsan.com.vn/nha-dat-ban-ha-noi/p36,36
https://batdongsan.com.vn/nha-dat-ban-ha-noi/p37,37
https://batdongsan.com.vn/nha-dat-ban-ha-noi/p38,38
https://batdongsan.com.vn/nha-dat-ban-ha-noi/p39,39
https://batdongsan.com.vn/nha-dat-ban-ha-noi/p40,40
https://batdongsan.com.vn/nha-dat-ban-ha-noi/p41,41
https://batdongsan.com.vn/nha-dat-ban-ha-noi/p42,42
https://batdongsan.com.vn/nha-dat-ban-ha-noi/p43,43
https://batdongsan.com.vn/nha-dat-ban-ha-noi/p44,44
https://batdongsan.com.vn/nha-dat-ban-ha-noi/p45,45
https://batdongsan.com.vn/nha-dat-ban-ha-noi/p46,46
https://batdongsan.com.vn/nha-dat-ban-ha-noi/p47,47
https://batdongsan.com.vn/nha-dat-ban-ha-noi/p48,48
https://batdongsan.com.vn/nha-dat-ban-ha-noi/p49,49
https://batdongsan.com.vn/nha-dat-ban-ha-noi/p50,50
https://batdongsan.com.vn/nha-dat-ban-ha-noi/p51,51
https://batdongsan.com.vn/nha-dat-ban-ha-noi/p52,52
https://batdongsan.com.vn/nha-dat-ban-ha-noi/p53,53
https://batdongsan.com.vn/nha-dat-ban-ha-noi/p54,54
https://batdongsan.com.vn/nha-dat-ban-ha-noi/p55,55
https://batdongsan.com.vn/nha-dat-ban-ha-noi/p56,56
https://batdongsan.com.vn/nha-dat-ban-ha-noi/p57,57
https://batdongsan.com.vn/nha-dat-ban-ha-noi/p58,58
https://batdongsan.com.vn/nha-dat-ban-ha-noi/p59,59
https://batdongsan.com.vn/nha-dat-ban-ha-noi/p60,60
https://batdongsan.com.vn/nha-dat-ban-ha-noi/p61,61
https://batdongsan.com.vn/nha-dat-ban-ha-noi/p62,62
https://batdongsan.com.vn/nha-dat-ban-ha-noi/p63,63
https://batdongsan.com.vn/nha-dat-ban-ha-noi/p64,64
https://batdongsan.com.vn/nha-dat-ban-ha-noi/p65,65
https://batdongsan.com.vn/nha-dat-ban-ha-noi/p66,66
https://batdongsan.com.vn/nha-dat-ban-ha-noi/p67,67
https://batdongsan.com.vn/nha-dat-ban-ha-noi/p68,68
https://batdongsan.com.vn/nha-dat-ban-ha-noi/p69,69
https://batdongsan.com.vn/nha-dat-ban-ha-noi/p70,70
https://batdongsan.com.vn/nha-dat-ban-ha-noi/p71,71
https://batdongsan.com.vn/nha-dat-ban-ha-noi/p72,72
https://batdongsan.com.vn/nha-dat-ban-ha-noi/p73,73
https://batdongsan.com.vn/nha-dat-ban-ha-noi/p74,74
https://batdongsan.com.vn/nha-dat-ban-ha-noi/p75,75
https://batdongsan.com.vn/nha-dat-ban-ha-noi/p76,76
https://batdongsan.com.vn/nha-dat-ban-ha-noi/p77,77
https://batdongsan.com.vn/nha-dat-ban-ha-noi/p78,78
https://batdongsan.com.vn/nha-dat-ban-ha-noi/p79,79
https://batdongsan.com.vn/nha-dat-ban-ha-noi/p80,80
https://batdongsan.com.vn/nha-dat-ban-ha-noi/p81,81
https://batdongsan.com.vn/nha-dat-ban-ha-noi/p82,82
https://batdongsan.com.vn/nha-dat-ban-ha-noi/p83,83
https://batdongsan.com.vn/nha-dat-ban-ha-noi/p84,84
https://batdongsan.com.vn/nha-dat-ban-ha-noi/p85,85
https://batdongsan.com.vn/nha-dat-ban-ha-noi/p86,86
https://batdongsan.com.vn/nha-dat-ban-ha-noi/p87,87
https://batdongsan.com.vn/nha-dat-ban-ha-noi/p88,88
https://batdongsan.com.vn/nha-dat-ban-ha-noi/p89,89
https://batdongsan.com.vn/nha-dat-ban-ha-noi/p90,90
https://batdongsan.com.vn/nha-dat-ban-ha-noi/p91,91
https://batdongsan.com.vn/nha-dat-ban-ha-noi/p92,92
https://batdongsan.com.vn/nha-dat-ban-ha-noi/p93,93
https://batdongsan.com.vn/nha-dat-ban-ha-noi/p94,94
https://batdongsan.com.vn/nha-dat-ban-ha-noi/p95,95
https://batdongsan.com.vn/nha-dat-ban-ha-noi/p96,96
https://batdongsan.com.vn/nha-dat-ban-ha-noi/p97,97
https://batdongsan.com.vn/nha-dat-ban-ha-noi/p98,98
https://batdongsan.com.vn/nha-dat-ban-ha-noi/p99,99
https://batdongsan.com.vn/nha-dat-ban-ha-noi/p100,100
https://batdongsan.com.vn/nha-dat-ban-ha-noi/p101,101
https://batdongsan.com.vn/nha-dat-ban-ha-noi/p102,102
https://batdongsan.com.vn/nha-dat-ban-ha-noi/p103,103
https://batdongsan.com.vn/nha-dat-ban-ha-noi/p104,104
https://batdongsan.com.vn/nha-dat-ban-ha-noi/p105,105
https://batdongsan.com.vn/nha-dat-ban-ha-noi/p106,106
https://batdongsan.com.vn/nha-dat-ban-ha-noi/p107,107
https://batdongsan.com.vn/nha-dat-ban-ha-noi/p108,108
https://batdongsan.com.vn/nha-dat-ban-ha-noi/p109,109
https://batdongsan.com.vn/nha-dat-ban-ha-noi/p110,110
https://batdongsan.com.vn/nha-dat-ban-ha-noi/p111,111
https://batdongsan.com.vn/nha-dat-ban-ha-noi/p112,112
https://batdongsan.com.vn/nha-dat-ban-ha-noi/p113,113
https://batdongsan.com.vn/nha-dat-ban-ha-noi/p114,114
https://batdongsan.com.vn/nha-dat-ban-ha-noi/p115,115
https://batdongsan.com.vn/nha-dat-ban-ha-noi/p116,116
https://batdongsan.com.vn/nha-dat-ban-ha-noi/p117,117
https://batdongsan.com.vn/nha-dat-ban-ha-noi/p118,118
https://batdongsan.com.vn/nha-dat-ban-ha-noi/p119,119
https://batdongsan.com.vn/nha-dat-ban-ha-noi/p120,120
https://batdongsan.com.vn/nha-dat-ban-ha-noi/p121,121
https://batdongsan.com.vn/nha-dat-ban-ha-noi/p122,122
https://batdongsan.com.vn/nha-dat-ban-ha-noi/p123,123
https://batdongsan.com.vn/nha-dat-ban-ha-noi/p124,124
https://batdongsan.com.vn/nha-dat-ban-ha-noi/p125,125
https://batdongsan.com.vn/nha-dat-ban-ha-noi/p126,126
https://batdongsan.com.vn/nha-dat-ban-ha-noi/p127,127
https://batdongsan.com.vn/nha-dat-ban-ha-noi/p128,128
https://batdongsan.com.vn/nha-dat-ban-ha-noi/p129,129
https://batdongsan.com.vn/nha-dat-ban-ha-noi/p130,130
https://batdongsan.com.vn/nha-dat-ban-ha-noi/p131,131
https://batdongsan.com.vn/nha-dat-ban-ha-noi/p132,132
https://batdongsan.com.vn/nha-dat-ban-ha-noi/p133,133
https://batdongsan.com.vn/nha-dat-ban-ha-noi/p134,134
https://batdongsan.com.vn/nha-dat-ban-ha-noi/p135,135
https://batdongsan.com.vn/nha-dat-ban-ha-noi/p136,136
https://batdongsan.com.vn/nha-dat-ban-ha-noi/p137,137
https://batdongsan.com.vn/nha-dat-ban-ha-noi/p138,138
https://batdongsan.com.vn/nha-dat-ban-ha-noi/p139,139
https://batdongsan.com.vn/nha-dat-ban-ha-noi/p140,140
https://batdongsan.com.vn/nha-dat-ban-ha-noi/p141,141
https://batdongsan.com.vn/nha-dat-ban-ha-noi/p142,142
https://batdongsan.com.vn/nha-dat-ban-ha-noi/p143,143
https://batdongsan.com.vn/nha-dat-ban-ha-noi/p144,144
https://batdongsan.com.vn/nha-dat-ban-ha-noi/p145,145
https://batdongsan.com.vn/nha-dat-ban-ha-noi/p146,146
https://batdongsan.com.vn/nha-dat-ban-ha-noi/p147,147
https://batdongsan.com.vn/nha-dat-ban-ha-noi/p148,148
https://batdongsan.com.vn/nha-dat-ban-ha-noi/p149,149
https://batdongsan.com.vn/nha-dat-ban-ha-noi/p150,150
https://batdongsan.com.vn/nha-dat-ban-ha-noi/p151,151
https://batdongsan.com.vn/nha-dat-ban-ha-noi/p152,152
https://batdongsan.com.vn/nha-dat-ban-ha-noi/p153,153
https://batdongsan.com.vn/nha-dat-ban-ha-noi/p154,154
https://batdongsan.com.vn/nha-dat-ban-ha-noi/p155,155
https://batdongsan.com.vn/nha-dat-ban-ha-noi/p156,156
https://batdongsan.com.vn/nha-dat-ban-ha-noi/p157,157
https://batdongsan.com.vn/nha-dat-ban-ha-noi/p158,158
https://batdongsan.com.vn/nha-dat-ban-ha-noi/p159,159
https://batdongsan.com.vn/nha-dat-ban-ha-noi/p160,160
https://batdongsan.com.vn/nha-dat-ban-ha-noi/p161,161
https://batdongsan.com.vn/nha-dat-ban-ha-noi/p162,162
https://batdongsan.com.vn/nha-dat-ban-ha-noi/p163,163
https://batdongsan.com.vn/nha-dat-ban-ha-noi/p164,164
https://batdongsan.com.vn/nha-dat-ban-ha-noi/p165,165
https://batdongsan.com.vn/nha-dat-ban-ha-noi/p166,166
https://batdongsan.com.vn/nha-dat-ban-ha-noi/p167,167
https://batdongsan.com.vn/nha-dat-ban-ha-noi/p168,168
https://batdongsan.com.vn/nha-dat-ban-ha-noi/p169,169
https://batdongsan.com.vn/nha-dat-ban-ha-noi/p170,170
https://batdongsan.com.vn/nha-dat-ban-ha-noi/p171,171
https://batdongsan.com.vn/nha-dat-ban-ha-noi/p172,172
https://batdongsan.com.vn/nha-dat-ban-ha-noi/p173,173
https://batdongsan.com.vn/nha-dat-ban-ha-noi/p174,174
https://batdongsan.com.vn/nha-dat-ban-ha-noi/p175,175
https://batdongsan.com.vn/nha-dat-ban-ha-noi/p176,176
https://batdongsan.com.vn/nha-dat-ban-ha-noi/p177,177
https://batdongsan.com.vn/nha-dat-ban-ha-noi/p178,178
https://batdongsan.com.vn/nha-dat-ban-ha-noi/p179,179
https://batdongsan.com.vn/nha-dat-ban-ha-noi/p180,180
https://batdongsan.com.vn/nha-dat-ban-ha-noi/p181,181
https://batdongsan.com.vn/nha-dat-ban-ha-noi/p182,182
https://batdongsan.com.vn/nha-dat-ban-ha-noi/p183,183
https://batdongsan.com.vn/nha-dat-ban-ha-noi/p184,184
https://batdongsan.com.vn/nha-dat-ban-ha-noi/p185,185
https://batdongsan.com.vn/nha-dat-ban-ha-noi/p186,186
https://batdongsan.com.vn/nha-dat-ban-ha-noi/p187,187
https://batdongsan.com.vn/nha-dat-ban-ha-noi/p188,188
https://batdongsan.com.vn/nha-dat-ban-ha-noi/p189,189
https://batdongsan.com.vn/nha-dat-ban-ha-noi/p190,190
https://batdongsan.com.vn/nha-dat-ban-ha-noi/p191,191
https://batdongsan.com.vn/nha-dat-ban-ha-noi/p192,192
https://batdongsan.com.vn/nha-dat-ban-ha-noi/p193,193
https://batdongsan.com.vn/nha-dat-ban-ha-noi/p194,194
https://batdongsan.com.vn/nha-dat-ban-ha-noi/p195,195
https://batdongsan.com.vn/nha-dat-ban-ha-noi/p196,196
https://batdongsan.com.vn/nha-dat-ban-ha-noi/p197,197
https://batdongsan.com.vn/nha-dat-ban-ha-noi/p198,198
https://batdongsan.com.vn/nha-dat-ban-ha-noi/p199,199
https://batdongsan.com.vn/nha-dat-ban-ha-noi/p200,200
https://batdongsan.com.vn/nha-dat-ban-ha-noi/p201,201
https://batdongsan.com.vn/nha-dat-ban-ha-noi/p202,202
https://batdongsan.com.vn/nha-dat-ban-ha-noi/p203,203
https://batdongsan.com.vn/nha-dat-ban-ha-noi/p204,204
https://batdongsan.com.vn/nha-dat-ban-ha-noi/p205,205
https://batdongsan.com.vn/nha-dat-ban-ha-noi/p206,206
https://batdongsan.com.vn/nha-dat-ban-ha-noi/p207,207
https://batdongsan.com.vn/nha-dat-ban-ha-noi/p208,208
https://batdongsan.com.vn/nha-dat-ban-ha-noi/p209,209
https://batdongsan.com.vn/nha-dat-ban-ha-noi/p210,210
https://batdongsan.com.vn/nha-dat-ban-ha-noi/p211,211
https://batdongsan.com.vn/nha-dat-ban-ha-noi/p212,212
https://batdongsan.com.vn/nha-dat-ban-ha-noi/p213,213
https://batdongsan.com.vn/nha-dat-ban-ha-noi/p214,214
https://batdongsan.com.vn/nha-dat-ban-ha-noi/p215,215
https://batdongsan.com.vn/nha-dat-ban-ha-noi/p216,216
https://batdongsan.com.vn/nha-dat-ban-ha-noi/p217,217
https://batdongsan.com.vn/nha-dat-ban-ha-noi/p218,218
https://batdongsan.com.vn/nha-dat-ban-ha-noi/p219,219
https://batdongsan.com.vn/nha-dat-ban-ha-noi/p220,220
https://batdongsan.com.vn/nha-dat-ban-ha-noi/p221,221
https://batdongsan.com.vn/nha-dat-ban-ha-noi/p222,222
https://batdongsan.com.vn/nha-dat-ban-ha-noi/p223,223
https://batdongsan.com.vn/nha-dat-ban-ha-noi/p224,224
https://batdongsan.com.vn/nha-dat-ban-ha-noi/p225,225
https://batdongsan.com.vn/nha-dat-ban-ha-noi/p226,226
https://batdongsan.com.vn/nha-dat-ban-ha-noi/p227,227
https://batdongsan.com.vn/nha-dat-ban-ha-noi/p228,228
https://batdongsan.com.vn/nha-dat-ban-ha-noi/p229,229
https://batdongsan.com.vn/nha-dat-ban-ha-noi/p230,230
https://batdongsan.com.vn/nha-dat-ban-ha-noi/p231,231
https://batdongsan.com.vn/nha-dat-ban-ha-noi/p232,232
https://batdongsan.com.vn/nha-dat-ban-ha-noi/p233,233
https://batdongsan.com.vn/nha-dat-ban-ha-noi/p234,234
https://batdongsan.com.vn/nha-dat-ban-ha-noi/p235,235
https://batdongsan.com.vn/nha-dat-ban-ha-noi/p236,236
https://batdongsan.com.vn/nha-dat-ban-ha-noi/p237,237
https://batdongsan.com.vn/nha-dat-ban-ha-noi/p238,238
https://batdongsan.com.vn/nha-dat-ban-ha-noi/p239,239
https://batdongsan.com.vn/nha-dat-ban-ha-noi/p240,240
https://batdongsan.com.vn/nha-dat-ban-ha-noi/p241,241
https://batdongsan.com.vn/nha-dat-ban-ha-noi/p242,242
https://batdongsan.com.vn/nha-dat-ban-ha-noi/p243,243
https://batdongsan.com.vn/nha-dat-ban-ha-noi/p244,244
https://batdongsan.com.vn/nha-dat-ban-ha-noi/p245,245
https://batdongsan.com.vn/nha-dat-ban-ha-noi/p246,246
https://batdongsan.com.vn/nha-dat-ban-ha-noi/p247,247
https://batdongsan.com.vn/nha-dat-ban-ha-noi/p248,248
https://batdongsan.com.vn/nha-dat-ban-ha-noi/p249,249
https://batdongsan.com.vn/nha-dat-ban-ha-noi/p250,250
https://batdongsan.com.vn/nha-dat-ban-ha-noi/p251,251
https://batdongsan.com.vn/nha-dat-ban-ha-noi/p252,252
https://batdongsan.com.vn/nha-dat-ban-ha-noi/p253,253
https://batdongsan.com.vn/nha-dat-ban-ha-noi/p254,254
https://batdongsan.com.vn/nha-dat-ban-ha-noi/p255,255
https://batdongsan.com.vn/nha-dat-ban-ha-noi/p256,256
https://batdongsan.com.vn/nha-dat-ban-ha-noi/p257,257
https://batdongsan.com.vn/nha-dat-ban-ha-noi/p258,258
https://batdongsan.com.vn/nha-dat-ban-ha-noi/p259,259
https://batdongsan.com.vn/nha-dat-ban-ha-noi/p260,260
https://batdongsan.com.vn/nha-dat-ban-ha-noi/p261,261
https://batdongsan.com.vn/nha-dat-ban-ha-noi/p262,262
https://batdongsan.com.vn/nha-dat-ban-ha-noi/p263,263
https://batdongsan.com.vn/nha-dat-ban-ha-noi/p264,264
https://batdongsan.com.vn/nha-dat-ban-ha-noi/p265,265
https://batdongsan.com.vn/nha-dat-ban-ha-noi/p266,266
https://batdongsan.com.vn/nha-dat-ban-ha-noi/p267,267
https://batdongsan.com.vn/nha-dat-ban-ha-noi/p268,268
https://batdongsan.com.vn/nha-dat-ban-ha-noi/p269,269
https://batdongsan.com.vn/nha-dat-ban-ha-noi/p270,270
https://batdongsan.com.vn/nha-dat-ban-ha-noi/p271,271
https://batdongsan.com.vn/nha-dat-ban-ha-noi/p272,272
https://batdongsan.com.vn/nha-dat-ban-ha-noi/p273,273
https://batdongsan.com.vn/nha-dat-ban-ha-noi/p274,274
https://batdongsan.com.vn/nha-dat-ban-ha-noi/p275,275
https://batdongsan.com.vn/nha-dat-ban-ha-noi/p276,276
https://batdongsan.com.vn/nha-dat-ban-ha-noi/p277,277
https://batdongsan.com.vn/nha-dat-ban-ha-noi/p278,278
https://batdongsan.com.vn/nha-dat-ban-ha-noi/p279,279
https://batdongsan.com.vn/nha-dat-ban-ha-noi/p280,280
https://batdongsan.com.vn/nha-dat-ban-ha-noi/p281,281
https://batdongsan.com.vn/nha-dat-ban-ha-noi/p282,282
https://batdongsan.com.vn/nha-dat-ban-ha-noi/p283,283
https://batdongsan.com.vn/nha-dat-ban-ha-noi/p284,284
https://batdongsan.com.vn/nha-dat-ban-ha-noi/p285,285
https://batdongsan.com.vn/nha-dat-ban-ha-noi/p286,286
https://batdongsan.com.vn/nha-dat-ban-ha-noi/p287,287
https://batdongsan.com.vn/nha-dat-ban-ha-noi/p288,288
https://batdongsan.com.vn/nha-dat-ban-ha-noi/p289,289
https://batdongsan.com.vn/nha-dat-ban-ha-noi/p290,290
https://batdongsan.com.vn/nha-dat-ban-ha-noi/p291,291
https://batdongsan.com.vn/nha-dat-ban-ha-noi/p292,292
https://batdongsan.com.vn/nha-dat-ban-ha-noi/p293,293
https://batdongsan.com.vn/nha-dat-ban-ha-noi/p294,294
https://batdongsan.com.vn/nha-dat-ban-ha-noi/p295,295
https://batdongsan.com.vn/nha-dat-ban-ha-noi/p296,296
https://batdongsan.com.vn/nha-dat-ban-ha-noi/p297,297
https://batdongsan.com.vn/nha-dat-ban-ha-noi/p298,298
https://batdongsan.com.vn/nha-dat-ban-ha-noi/p299,299
https://batdongsan.com.vn/nha-dat-ban-ha-noi/p300,300
https://batdongsan.com.vn/nha-dat-ban-ha-noi/p301,301
https://batdongsan.com.vn/nha-dat-ban-ha-noi/p302,302
https://batdongsan.com.vn/nha-dat-ban-ha-noi/p303,303
https://batdongsan.com.vn/nha-dat-ban-ha-noi/p304,304
https://batdongsan.com.vn/nha-dat-ban-ha-noi/p305,305
https://batdongsan.com.vn/nha-dat-ban-ha-noi/p306,306
https://batdongsan.com.vn/nha-dat-ban-ha-noi/p307,307
https://batdongsan.com.vn/nha-dat-ban-ha-noi/p308,308
https://batdongsan.com.vn/nha-dat-ban-ha-noi/p309,309
https://batdongsan.com.vn/nha-dat-ban-ha-noi/p310,310
https://batdongsan.com.vn/nha-dat-ban-ha-noi/p311,311
https://batdongsan.com.vn/nha-dat-ban-ha-noi/p312,312
https://batdongsan.com.vn/nha-dat-ban-ha-noi/p313,313
https://batdongsan.com.vn/nha-dat-ban-ha-noi/p314,314
https://batdongsan.com.vn/nha-dat-ban-ha-noi/p315,315
https://batdongsan.com.vn/nha-dat-ban-ha-noi/p316,316
https://batdongsan.com.vn/nha-dat-ban-ha-noi/p317,317
https://batdongsan.com.vn/nha-dat-ban-ha-noi/p318,318
https://batdongsan.com.vn/nha-dat-ban-ha-noi/p319,319
https://batdongsan.com.vn/nha-dat-ban-ha-noi/p320,320
https://batdongsan.com.vn/nha-dat-ban-ha-noi/p321,321
https://batdongsan.com.vn/nha-dat-ban-ha-noi/p322,322
https://batdongsan.com.vn/nha-dat-ban-ha-noi/p323,323
https://batdongsan.com.vn/nha-dat-ban-ha-noi/p324,324
https://batdongsan.com.vn/nha-dat-ban-ha-noi/p325,325
https://batdongsan.com.vn/nha-dat-ban-ha-noi/p326,326
https://batdongsan.com.vn/nha-dat-ban-ha-noi/p327,327
https://batdongsan.com.vn/nha-dat-ban-ha-noi/p328,328
https://batdongsan.com.vn/nha-dat-ban-ha-noi/p329,329
https://batdongsan.com.vn/nha-dat-ban-ha-noi/p330,330
https://batdongsan.com.vn/nha-dat-ban-ha-noi/p331,331
https://batdongsan.com.vn/nha-dat-ban-ha-noi/p332,332
https://batdongsan.com.vn/nha-dat-ban-ha-noi/p333,333
https://batdongsan.com.vn/nha-dat-ban-ha-noi/p334,334
https://batdongsan.com.vn/nha-dat-ban-ha-noi/p335,335
https://batdongsan.com.vn/nha-dat-ban-ha-noi/p336,336
https://batdongsan.com.vn/nha-dat-ban-ha-noi/p337,337
https://batdongsan.com.vn/nha-dat-ban-ha-noi/p338,338
https://batdongsan.com.vn/nha-dat-ban-ha-noi/p339,339
https://batdongsan.com.vn/nha-dat-ban-ha-noi/p340,340
https://batdongsan.com.vn/nha-dat-ban-ha-noi/p341,341
https://batdongsan.com.vn/nha-dat-ban-ha-noi/p342,342
https://batdongsan.com.vn/nha-dat-ban-ha-noi/p343,343
https://batdongsan.com.vn/nha-dat-ban-ha-noi/p344,344
https://batdongsan.com.vn/nha-dat-ban-ha-noi/p345,345
https://batdongsan.com.vn/nha-dat-ban-ha-noi/p346,346
https://batdongsan.com.vn/nha-dat-ban-ha-noi/p347,347
https://batdongsan.com.vn/nha-dat-ban-ha-noi/p348,348
https://batdongsan.com.vn/nha-dat-ban-ha-noi/p349,349
https://batdongsan.com.vn/nha-dat-ban-ha-noi/p350,350
https://batdongsan.com.vn/nha-dat-ban-ha-noi/p351,351
https://batdongsan.com.vn/nha-dat-ban-ha-noi/p352,352
https://batdongsan.com.vn/nha-dat-ban-ha-noi/p353,353
https://batdongsan.com.vn/nha-dat-ban-ha-noi/p354,354
https://batdongsan.com.vn/nha-dat-ban-ha-noi/p355,355
https://batdongsan.com.vn/nha-dat-ban-ha-noi/p356,356
https://batdongsan.com.vn/nha-dat-ban-ha-noi/p357,357
https://batdongsan.com.vn/nha-dat-ban-ha-noi/p358,358
https://batdongsan.com.vn/nha-dat-ban-ha-noi/p359,359
https://batdongsan.com.vn/nha-dat-ban-ha-noi/p360,360
https://batdongsan.com.vn/nha-dat-ban-ha-noi/p361,361
https://batdongsan.com.vn/nha-dat-ban-ha-noi/p362,362
https://batdongsan.com.vn/nha-dat-ban-ha-noi/p363,363
https://batdongsan.com.vn/nha-dat-ban-ha-noi/p364,364
https://batdongsan.com.vn/nha-dat-ban-ha-noi/p365,365
https://batdongsan.com.vn/nha-dat-ban-ha-noi/p366,366
https://batdongsan.com.vn/nha-dat-ban-ha-noi/p367,367
https://batdongsan.com.vn/nha-dat-ban-ha-noi/p368,368
https://batdongsan.com.vn/nha-dat-ban-ha-noi/p369,369
https://batdongsan.com.vn/nha-dat-ban-ha-noi/p370,370
https://batdongsan.com.vn/nha-dat-ban-ha-noi/p371,371
https://batdongsan.com.vn/nha-dat-ban-ha-noi/p372,372
https://batdongsan.com.vn/nha-dat-ban-ha-noi/p373,373
https://batdongsan.com.vn/nha-dat-ban-ha-noi/p374,374
https://batdongsan.com.vn/nha-dat-ban-ha-noi/p375,375
https://batdongsan.com.vn/nha-dat-ban-ha-noi/p376,376
https://batdongsan.com.vn/nha-dat-ban-ha-noi/p377,377
https://batdongsan.com.vn/nha-dat-ban-ha-noi/p378,378
https://batdongsan.com.vn/nha-dat-ban-ha-noi/p379,379
https://batdongsan.com.vn/nha-dat-ban-ha-noi/p380,380
https://batdongsan.com.vn/nha-dat-ban-ha-noi/p381,381
https://batdongsan.com.vn/nha-dat-ban-ha-noi/p382,382
https://batdongsan.com.vn/nha-dat-ban-ha-noi/p383,383
https://batdongsan.com.vn/nha-dat-ban-ha-noi/p384,384
https://batdongsan.com.vn/nha-dat-ban-ha-noi/p385,385
https://batdongsan.com.vn/nha-dat-ban-ha-noi/p386,386
https://batdongsan.com.vn/nha-dat-ban-ha-noi/p387,387
https://batdongsan.com.vn/nha-dat-ban-ha-noi/p388,388
https://batdongsan.com.vn/nha-dat-ban-ha-noi/p389,389
https://batdongsan.com.vn/nha-dat-ban-ha-noi/p390,390
https://batdongsan.com.vn/nha-dat-ban-ha-noi/p391,391
https://batdongsan.com.vn/nha-dat-ban-ha-noi/p392,392
https://batdongsan.com.vn/nha-dat-ban-ha-noi/p393,393
https://batdongsan.com.vn/nha-dat-ban-ha-noi/p394,394
https://batdongsan.com.vn/nha-dat-ban-ha-noi/p395,395
https://batdongsan.com.vn/nha-dat-ban-ha-noi/p396,396
https://batdongsan.com.vn/nha-dat-ban-ha-noi/p397,397
https://batdongsan.com.vn/nha-dat-ban-ha-noi/p398,398
https://batdongsan.com.vn/nha-dat-ban-ha-noi/p399,399
https://batdongsan.com.vn/nha-dat-ban-ha-noi/p400,400
https://batdongsan.com.vn/nha-dat-ban-ha-noi/p401,401
https://batdongsan.com.vn/nha-dat-ban-ha-noi/p402,402
https://batdongsan.com.vn/nha-dat-ban-ha-noi/p403,403
https://batdongsan.com.vn/nha-dat-ban-ha-noi/p404,404
https://batdongsan.com.vn/nha-dat-ban-ha-noi/p405,405
https://batdongsan.com.vn/nha-dat-ban-ha-noi/p406,406
https://batdongsan.com.vn/nha-dat-ban-ha-noi/p407,407
https://batdongsan.com.vn/nha-dat-ban-ha-noi/p408,408
https://batdongsan.com.vn/nha-dat-ban-ha-noi/p409,409
https://batdongsan.com.vn/nha-dat-ban-ha-noi/p410,410
https://batdongsan.com.vn/nha-dat-ban-ha-noi/p411,411
https://batdongsan.com.vn/nha-dat-ban-ha-noi/p412,412
https://batdongsan.com.vn/nha-dat-ban-ha-noi/p413,413
https://batdongsan.com.vn/nha-dat-ban-ha-noi/p414,414
https://batdongsan.com.vn/nha-dat-ban-ha-noi/p415,415
https://batdongsan.com.vn/nha-dat-ban-ha-noi/p416,416
https://batdongsan.com.vn/nha-dat-ban-ha-noi/p417,417
https://batdongsan.com.vn/nha-dat-ban-ha-noi/p418,418
https://batdongsan.com.vn/nha-dat-ban-ha-noi/p419,419
https://batdongsan.com.vn/nha-dat-ban-ha-noi/p420,420
https://batdongsan.com.vn/nha-dat-ban-ha-noi/p421,421
https://batdongsan.com.vn/nha-dat-ban-ha-noi/p422,422
https://batdongsan.com.vn/nha-dat-ban-ha-noi/p423,423
https://batdongsan.com.vn/nha-dat-ban-ha-noi/p424,424
https://batdongsan.com.vn/nha-dat-ban-ha-noi/p425,425
https://batdongsan.com.vn/nha-dat-ban-ha-noi/p426,426
https://batdongsan.com.vn/nha-dat-ban-ha-noi/p427,427
https://batdongsan.com.vn/nha-dat-ban-ha-noi/p428,428
https://batdongsan.com.vn/nha-dat-ban-ha-noi/p429,429
https://batdongsan.com.vn/nha-dat-ban-ha-noi/p430,430
https://batdongsan.com.vn/nha-dat-ban-ha-noi/p431,431
https://batdongsan.com.vn/nha-dat-ban-ha-noi/p432,432
https://batdongsan.com.vn/nha-dat-ban-ha-noi/p433,433
https://batdongsan.com.vn/nha-dat-ban-ha-noi/p434,434
https://batdongsan.com.vn/nha-dat-ban-ha-noi/p435,435
https://batdongsan.com.vn/nha-dat-ban-ha-noi/p436,436
https://batdongsan.com.vn/nha-dat-ban-ha-noi/p437,437
https://batdongsan.com.vn/nha-dat-ban-ha-noi/p438,438
https://batdongsan.com.vn/nha-dat-ban-ha-noi/p439,439
https://batdongsan.com.vn/nha-dat-ban-ha-noi/p440,440
https://batdongsan.com.vn/nha-dat-ban-ha-noi/p441,441
https://batdongsan.com.vn/nha-dat-ban-ha-noi/p442,442
https://batdongsan.com.vn/nha-dat-ban-ha-noi/p443,443
https://batdongsan.com.vn/nha-dat-ban-ha-noi/p444,444
https://batdongsan.com.vn/nha-dat-ban-ha-noi/p445,445
https://batdongsan.com.vn/nha-dat-ban-ha-noi/p446,446
https://batdongsan.com.vn/nha-dat-ban-ha-noi/p447,447
https://batdongsan.com.vn/nha-dat-ban-ha-noi/p448,448
https://batdongsan.com.vn/nha-dat-ban-ha-noi/p449,449
https://batdongsan.com.vn/nha-dat-ban-ha-noi/p450,450
https://batdongsan.com.vn/nha-dat-ban-ha-noi/p451,451
https://batdongsan.com.vn/nha-dat-ban-ha-noi/p452,452
https://batdongsan.com.vn/nha-dat-ban-ha-noi/p453,453
https://batdongsan.com.vn/nha-dat-ban-ha-noi/p454,454
https://batdongsan.com.vn/nha-dat-ban-ha-noi/p455,455
https://batdongsan.com.vn/nha-dat-ban-ha-noi/p456,456
https://batdongsan.com.vn/nha-dat-ban-ha-noi/p457,457
https://batdongsan.com.vn/nha-dat-ban-ha-noi/p458,458
https://batdongsan.com.vn/nha-dat-ban-ha-noi/p459,459
https://batdongsan.com.vn/nha-dat-ban-ha-noi/p460,460
https://batdongsan.com.vn/nha-dat-ban-ha-noi/p461,461
https://batdongsan.com.vn/nha-dat-ban-ha-noi/p462,462
https://batdongsan.com.vn/nha-dat-ban-ha-noi/p463,463
https://batdongsan.com.vn/nha-dat-ban-ha-noi/p464,464
https://batdongsan.com.vn/nha-dat-ban-ha-noi/p465,465
https://batdongsan.com.vn/nha-dat-ban-ha-noi/p466,466
https://batdongsan.com.vn/nha-dat-ban-ha-noi/p467,467
https://batdongsan.com.vn/nha-dat-ban-ha-noi/p468,468
https://batdongsan.com.vn/nha-dat-ban-ha-noi/p469,469
https://batdongsan.com.vn/nha-dat-ban-ha-noi/p470,470
https://batdongsan.com.vn/nha-dat-ban-ha-noi/p471,471
https://batdongsan.com.vn/nha-dat-ban-ha-noi/p472,472
https://batdongsan.com.vn/nha-dat-ban-ha-noi/p473,473
https://batdongsan.com.vn/nha-dat-ban-ha-noi/p474,474
https://batdongsan.com.vn/nha-dat-ban-ha-noi/p475,475
https://batdongsan.com.vn/nha-dat-ban-ha-noi/p476,476
https://batdongsan.com.vn/nha-dat-ban-ha-noi/p477,477
https://batdongsan.com.vn/nha-dat-ban-ha-noi/p478,478
https://batdongsan.com.vn/nha-dat-ban-ha-noi/p479,479
https://batdongsan.com.vn/nha-dat-ban-ha-noi/p480,480
https://batdongsan.com.vn/nha-dat-ban-ha-noi/p481,481
https://batdongsan.com.vn/nha-dat-ban-ha-noi/p482,482
https://batdongsan.com.vn/nha-dat-ban-ha-noi/p483,483
https://batdongsan.com.vn/nha-dat-ban-ha-noi/p484,484
https://batdongsan.com.vn/nha-dat-ban-ha-noi/p485,485
https://batdongsan.com.vn/nha-dat-ban-ha-noi/p486,486
https://batdongsan.com.vn/nha-dat-ban-ha-noi/p487,487
https://batdongsan.com.vn/nha-dat-ban-ha-noi/p488,488
https://batdongsan.com.vn/nha-dat-ban-ha-noi/p489,489
https://batdongsan.com.vn/nha-dat-ban-ha-noi/p490,490
https://batdongsan.com.vn/nha-dat-ban-ha-noi/p491,491
https://batdongsan.com.vn/nha-dat-ban-ha-noi/p492,492
https://batdongsan.com.vn/nha-dat-ban-ha-noi/p493,493
https://batdongsan.com.vn/nha-dat-ban-ha-noi/p494,494
https://batdongsan.com.vn/nha-dat-ban-ha-noi/p495,495
https://batdongsan.com.vn/nha-dat-ban-ha-noi/p496,496
https://batdongsan.com.vn/nha-dat-ban-ha-noi/p497,497
https://batdongsan.com.vn/nha-dat-ban-ha-noi/p498,498
https://batdongsan.com.vn/nha-dat-ban-ha-noi/p499,499
https://batdongsan.com.vn/nha-dat-ban-ha-noi/p500,500
https://batdongsan.com.vn/nha-dat-ban-ha-noi/p501,501
https://batdongsan.com.vn/nha-dat-ban-ha-noi/p502,502
https://batdongsan.com.vn/nha-dat-ban-ha-noi/p503,503
https://batdongsan.com.vn/nha-dat-ban-ha-noi/p504,504
https://batdongsan.com.vn/nha-dat-ban-ha-noi/p505,505
https://batdongsan.com.vn/nha-dat-ban-ha-noi/p506,506
https://batdongsan.com.vn/nha-dat-ban-ha-noi/p507,507
https://batdongsan.com.vn/nha-dat-ban-ha-noi/p508,508
https://batdongsan.com.vn/nha-dat-ban-ha-noi/p509,509
https://batdongsan.com.vn/nha-dat-ban-ha-noi/p510,510
https://batdongsan.com.vn/nha-dat-ban-ha-noi/p511,511
https://batdongsan.com.vn/nha-dat-ban-ha-noi/p512,512
https://batdongsan.com.vn/nha-dat-ban-ha-noi/p513,513
https://batdongsan.com.vn/nha-dat-ban-ha-noi/p514,514
https://batdongsan.com.vn/nha-dat-ban-ha-noi/p515,515
https://batdongsan.com.vn/nha-dat-ban-ha-noi/p516,516
https://batdongsan.com.vn/nha-dat-ban-ha-noi/p517,517
https://batdongsan.com.vn/nha-dat-ban-ha-noi/p518,518
https://batdongsan.com.vn/nha-dat-ban-ha-noi/p519,519
https://batdongsan.com.vn/nha-dat-ban-ha-noi/p520,520
https://batdongsan.com.vn/nha-dat-ban-ha-noi/p521,521
https://batdongsan.com.vn/nha-dat-ban-ha-noi/p522,522
https://batdongsan.com.vn/nha-dat-ban-ha-noi/p523,523
https://batdongsan.com.vn/nha-dat-ban-ha-noi/p524,524
https://batdongsan.com.vn/nha-dat-ban-ha-noi/p525,525
https://batdongsan.com.vn/nha-dat-ban-ha-noi/p526,526
https://batdongsan.com.vn/nha-dat-ban-ha-noi/p527,527
https://batdongsan.com.vn/nha-dat-ban-ha-noi/p528,528
https://batdongsan.com.vn/nha-dat-ban-ha-noi/p529,529
https://batdongsan.com.vn/nha-dat-ban-ha-noi/p530,530
https://batdongsan.com.vn/nha-dat-ban-ha-noi/p531,531
https://batdongsan.com.vn/nha-dat-ban-ha-noi/p532,532
https://batdongsan.com.vn/nha-dat-ban-ha-noi/p533,533
https://batdongsan.com.vn/nha-dat-ban-ha-noi/p534,534
https://batdongsan.com.vn/nha-dat-ban-ha-noi/p535,535
https://batdongsan.com.vn/nha-dat-ban-ha-noi/p536,536
https://batdongsan.com.vn/nha-dat-ban-ha-noi/p537,537
https://batdongsan.com.vn/nha-dat-ban-ha-noi/p538,538
https://batdongsan.com.vn/nha-dat-ban-ha-noi/p539,539
https://batdongsan.com.vn/nha-dat-ban-ha-noi/p540,540
https://batdongsan.com.vn/nha-dat-ban-ha-noi/p541,541
https://batdongsan.com.vn/nha-dat-ban-ha-noi/p542,542
https://batdongsan.com.vn/nha-dat-ban-ha-noi/p543,543
https://batdongsan.com.vn/nha-dat-ban-ha-noi/p544,544
https://batdongsan.com.vn/nha-dat-ban-ha-noi/p545,545
https://batdongsan.com.vn/nha-dat-ban-ha-noi/p546,546
https://batdongsan.com.vn/nha-dat-ban-ha-noi/p547,547
https://batdongsan.com.vn/nha-dat-ban-ha-noi/p548,548
https://batdongsan.com.vn/nha-dat-ban-ha-noi/p549,549
https://batdongsan.com.vn/nha-dat-ban-ha-noi/p550,550
https://batdongsan.com.vn/nha-dat-ban-ha-noi/p551,551
https://batdongsan.com.vn/nha-dat-ban-ha-noi/p552,552
https://batdongsan.com.vn/nha-dat-ban-ha-noi/p553,553
https://batdongsan.com.vn/nha-dat-ban-ha-noi/p554,554
https://batdongsan.com.vn/nha-dat-ban-ha-noi/p555,555
https://batdongsan.com.vn/nha-dat-ban-ha-noi/p556,556
https://batdongsan.com.vn/nha-dat-ban-ha-noi/p557,557
https://batdongsan.com.vn/nha-dat-ban-ha-noi/p558,558
https://batdongsan.com.vn/nha-dat-ban-ha-noi/p559,559
https://batdongsan.com.vn/nha-dat-ban-ha-noi/p560,560
https://batdongsan.com.vn/nha-dat-ban-ha-noi/p561,561
https://batdongsan.com.vn/nha-dat-ban-ha-noi/p562,562
https://batdongsan.com.vn/nha-dat-ban-ha-noi/p563,563
https://batdongsan.com.vn/nha-dat-ban-ha-noi/p564,564
https://batdongsan.com.vn/nha-dat-ban-ha-noi/p565,565
https://batdongsan.com.vn/nha-dat-ban-ha-noi/p566,566
https://batdongsan.com.vn/nha-dat-ban-ha-noi/p567,567
https://batdongsan.com.vn/nha-dat-ban-ha-noi/p568,568
https://batdongsan.com.vn/nha-dat-ban-ha-noi/p569,569
https://batdongsan.com.vn/nha-dat-ban-ha-noi/p570,570
https://batdongsan.com.vn/nha-dat-ban-ha-noi/p571,571
https://batdongsan.com.vn/nha-dat-ban-ha-noi/p572,572
https://batdongsan.com.vn/nha-dat-ban-ha-noi/p573,573
https://batdongsan.com.vn/nha-dat-ban-ha-noi/p574,574
https://batdongsan.com.vn/nha-dat-ban-ha-noi/p575,575
https://batdongsan.com.vn/nha-dat-ban-ha-noi/p576,576
https://batdongsan.com.vn/nha-dat-ban-ha-noi/p577,577
https://batdongsan.com.vn/nha-dat-ban-ha-noi/p578,578
https://batdongsan.com.vn/nha-dat-ban-ha-noi/p579,579
https://batdongsan.com.vn/nha-dat-ban-ha-noi/p580,580
https://batdongsan.com.vn/nha-dat-ban-ha-noi/p581,581
https://batdongsan.com.vn/nha-dat-ban-ha-noi/p582,582
https://batdongsan.com.vn/nha-dat-ban-ha-noi/p583,583
https://batdongsan.com.vn/nha-dat-ban-ha-noi/p584,584
https://batdongsan.com.vn/nha-dat-ban-ha-noi/p585,585
https://batdongsan.com.vn/nha-dat-ban-ha-noi/p586,586
https://batdongsan.com.vn/nha-dat-ban-ha-noi/p587,587
https://batdongsan.com.vn/nha-dat-ban-ha-noi/p588,588
https://batdongsan.com.vn/nha-dat-ban-ha-noi/p589,589
https://batdongsan.com.vn/nha-dat-ban-ha-noi/p590,590
https://batdongsan.com.vn/nha-dat-ban-ha-noi/p591,591
https://batdongsan.com.vn/nha-dat-ban-ha-noi/p592,592
https://batdongsan.com.vn/nha-dat-ban-ha-noi/p593,593
https://batdongsan.com.vn/nha-dat-ban-ha-noi/p594,594
https://batdongsan.com.vn/nha-dat-ban-ha-noi/p595,595
https://batdongsan.com.vn/nha-dat-ban-ha-noi/p596,596
https://batdongsan.com.vn/nha-dat-ban-ha-noi/p597,597
https://batdongsan.com.vn/nha-dat-ban-ha-noi/p598,598
https://batdongsan.com.vn/nha-dat-ban-ha-noi/p599,599
https://batdongsan.com.vn/nha-dat-ban-ha-noi/p600,600
https://batdongsan.com.vn/nha-dat-ban-ha-noi/p601,601
https://batdongsan.com.vn/nha-dat-ban-ha-noi/p602,602
https://batdongsan.com.vn/nha-dat-ban-ha-noi/p603,603
https://batdongsan.com.vn/nha-dat-ban-ha-noi/p604,604
https://batdongsan.com.vn/nha-dat-ban-ha-noi/p605,605
https://batdongsan.com.vn/nha-dat-ban-ha-noi/p606,606
https://batdongsan.com.vn/nha-dat-ban-ha-noi/p607,607
https://batdongsan.com.vn/nha-dat-ban-ha-noi/p608,608
https://batdongsan.com.vn/nha-dat-ban-ha-noi/p609,609
https://batdongsan.com.vn/nha-dat-ban-ha-noi/p610,610
https://batdongsan.com.vn/nha-dat-ban-ha-noi/p611,611
https://batdongsan.com.vn/nha-dat-ban-ha-noi/p612,612
https://batdongsan.com.vn/nha-dat-ban-ha-noi/p613,613
https://batdongsan.com.vn/nha-dat-ban-ha-noi/p614,614
https://batdongsan.com.vn/nha-dat-ban-ha-noi/p615,615
https://batdongsan.com.vn/nha-dat-ban-ha-noi/p616,616
https://batdongsan.com.vn/nha-dat-ban-ha-noi/p617,617
https://batdongsan.com.vn/nha-dat-ban-ha-noi/p618,618
https://batdongsan.com.vn/nha-dat-ban-ha-noi/p619,619
https://batdongsan.com.vn/nha-dat-ban-ha-noi/p620,620
https://batdongsan.com.vn/nha-dat-ban-ha-noi/p621,621
https://batdongsan.com.vn/nha-dat-ban-ha-noi/p622,622
https://batdongsan.com.vn/nha-dat-ban-ha-noi/p623,623
https://batdongsan.com.vn/nha-dat-ban-ha-noi/p624,624
https://batdongsan.com.vn/nha-dat-ban-ha-noi/p625,625
https://batdongsan.com.vn/nha-dat-ban-ha-noi/p626,626
https://batdongsan.com.vn/nha-dat-ban-ha-noi/p627,627
https://batdongsan.com.vn/nha-dat-ban-ha-noi/p628,628
https://batdongsan.com.vn/nha-dat-ban-ha-noi/p629,629
https://batdongsan.com.vn/nha-dat-ban-ha-noi/p630,630
https://batdongsan.com.vn/nha-dat-ban-ha-noi/p631,631
https://batdongsan.com.vn/nha-dat-ban-ha-noi/p632,632
https://batdongsan.com.vn/nha-dat-ban-ha-noi/p633,633
https://batdongsan.com.vn/nha-dat-ban-ha-noi/p634,634
https://batdongsan.com.vn/nha-dat-ban-ha-noi/p635,635
https://batdongsan.com.vn/nha-dat-ban-ha-noi/p636,636
https://batdongsan.com.vn/nha-dat-ban-ha-noi/p637,637
https://batdongsan.com.vn/nha-dat-ban-ha-noi/p638,638
https://batdongsan.com.vn/nha-dat-ban-ha-noi/p639,639
https://batdongsan.com.vn/nha-dat-ban-ha-noi/p640,640
https://batdongsan.com.vn/nha-dat-ban-ha-noi/p641,641
https://batdongsan.com.vn/nha-dat-ban-ha-noi/p642,642
https://batdongsan.com.vn/nha-dat-ban-ha-noi/p643,643
https://batdongsan.com.vn/nha-dat-ban-ha-noi/p644,644
https://batdongsan.com.vn/nha-dat-ban-ha-noi/p645,645
https://batdongsan.com.vn/nha-dat-ban-ha-noi/p646,646
https://batdongsan.com.vn/nha-dat-ban-ha-noi/p647,647
https://batdongsan.com.vn/nha-dat-ban-ha-noi/p648,648
https://batdongsan.com.vn/nha-dat-ban-ha-noi/p649,649
https://batdongsan.com.vn/nha-dat-ban-ha-noi/p650,650
https://batdongsan.com.vn/nha-dat-ban-ha-noi/p651,651
https://batdongsan.com.vn/nha-dat-ban-ha-noi/p652,652
https://batdongsan.com.vn/nha-dat-ban-ha-noi/p653,653
https://batdongsan.com.vn/nha-dat-ban-ha-noi/p654,654
https://batdongsan.com.vn/nha-dat-ban-ha-noi/p655,655
https://batdongsan.com.vn/nha-dat-ban-ha-noi/p656,656
https://batdongsan.com.vn/nha-dat-ban-ha-noi/p657,657
https://batdongsan.com.vn/nha-dat-ban-ha-noi/p658,658
https://batdongsan.com.vn/nha-dat-ban-ha-noi/p659,659
https://batdongsan.com.vn/nha-dat-ban-ha-noi/p660,660
https://batdongsan.com.vn/nha-dat-ban-ha-noi/p661,661
https://batdongsan.com.vn/nha-dat-ban-ha-noi/p662,662
https://batdongsan.com.vn/nha-dat-ban-ha-noi/p663,663
https://batdongsan.com.vn/nha-dat-ban-ha-noi/p664,664
https://batdongsan.com.vn/nha-dat-ban-ha-noi/p665,665
https://batdongsan.com.vn/nha-dat-ban-ha-noi/p666,666
https://batdongsan.com.vn/nha-dat-ban-ha-noi/p667,667
https://batdongsan.com.vn/nha-dat-ban-ha-noi/p668,668
https://batdongsan.com.vn/nha-dat-ban-ha-noi/p669,669
https://batdongsan.com.vn/nha-dat-ban-ha-noi/p670,670
https://batdongsan.com.vn/nha-dat-ban-ha-noi/p671,671
https://batdongsan.com.vn/nha-dat-ban-ha-noi/p672,672
https://batdongsan.com.vn/nha-dat-ban-ha-noi/p673,673
https://batdongsan.com.vn/nha-dat-ban-ha-noi/p674,674
https://batdongsan.com.vn/nha-dat-ban-ha-noi/p675,675
https://batdongsan.com.vn/nha-dat-ban-ha-noi/p676,676
https://batdongsan.com.vn/nha-dat-ban-ha-noi/p677,677
https://batdongsan.com.vn/nha-dat-ban-ha-noi/p678,678
https://batdongsan.com.vn/nha-dat-ban-ha-noi/p679,679
https://batdongsan.com.vn/nha-dat-ban-ha-noi/p680,680
https://batdongsan.com.vn/nha-dat-ban-ha-noi/p681,681
https://batdongsan.com.vn/nha-dat-ban-ha-noi/p682,682
https://batdongsan.com.vn/nha-dat-ban-ha-noi/p683,683
https://batdongsan.com.vn/nha-dat-ban-ha-noi/p684,684
https://batdongsan.com.vn/nha-dat-ban-ha-noi/p685,685
https://batdongsan.com.vn/nha-dat-ban-ha-noi/p686,686
https://batdongsan.com.vn/nha-dat-ban-ha-noi/p687,687
https://batdongsan.com.vn/nha-dat-ban-ha-noi/p688,688
https://batdongsan.com.vn/nha-dat-ban-ha-noi/p689,689
https://batdongsan.com.vn/nha-dat-ban-ha-noi/p690,690
https://batdongsan.com.vn/nha-dat-ban-ha-noi/p691,691
https://batdongsan.com.vn/nha-dat-ban-ha-noi/p692,692
https://batdongsan.com.vn/nha-dat-ban-ha-noi/p693,693
https://batdongsan.com.vn/nha-dat-ban-ha-noi/p694,694
https://batdongsan.com.vn/nha-dat-ban-ha-noi/p695,695
https://batdongsan.com.vn/nha-dat-ban-ha-noi/p696,696
https://batdongsan.com.vn/nha-dat-ban-ha-noi/p697,697
https://batdongsan.com.vn/nha-dat-ban-ha-noi/p698,698
https://batdongsan.com.vn/nha-dat-ban-ha-noi/p699,699
https://batdongsan.com.vn/nha-dat-ban-ha-noi/p700,700
https://batdongsan.com.vn/nha-dat-ban-ha-noi/p701,701
https://batdongsan.com.vn/nha-dat-ban-ha-noi/p702,702
https://batdongsan.com.vn/nha-dat-ban-ha-noi/p703,703
https://batdongsan.com.vn/nha-dat-ban-ha-noi/p704,704
https://batdongsan.com.vn/nha-dat-ban-ha-noi/p705,705
https://batdongsan.com.vn/nha-dat-ban-ha-noi/p706,706
https://batdongsan.com.vn/nha-dat-ban-ha-noi/p707,707
https://batdongsan.com.vn/nha-dat-ban-ha-noi/p708,708
https://batdongsan.com.vn/nha-dat-ban-ha-noi/p709,709
https://batdongsan.com.vn/nha-dat-ban-ha-noi/p710,710
https://batdongsan.com.vn/nha-dat-ban-ha-noi/p711,711
https://batdongsan.com.vn/nha-dat-ban-ha-noi/p712,712
https://batdongsan.com.vn/nha-dat-ban-ha-noi/p713,713
https://batdongsan.com.vn/nha-dat-ban-ha-noi/p714,714
https://batdongsan.com.vn/nha-dat-ban-ha-noi/p715,715
https://batdongsan.com.vn/nha-dat-ban-ha-noi/p716,716
https://batdongsan.com.vn/nha-dat-ban-ha-noi/p717,717
https://batdongsan.com.vn/nha-dat-ban-ha-noi/p718,718
https://batdongsan.com.vn/nha-dat-ban-ha-noi/p719,719
https://batdongsan.com.vn/nha-dat-ban-ha-noi/p720,720
https://batdongsan.com.vn/nha-dat-ban-ha-noi/p721,721
https://batdongsan.com.vn/nha-dat-ban-ha-noi/p722,722
https://batdongsan.com.vn/nha-dat-ban-ha-noi/p723,723
https://batdongsan.com.vn/nha-dat-ban-ha-noi/p724,724
https://batdongsan.com.vn/nha-dat-ban-ha-noi/p725,725
https://batdongsan.com.vn/nha-dat-ban-ha-noi/p726,726
https://batdongsan.com.vn/nha-dat-ban-ha-noi/p727,727
https://batdongsan.com.vn/nha-dat-ban-ha-noi/p728,728
https://batdongsan.com.vn/nha-dat-ban-ha-noi/p729,729
https://batdongsan.com.vn/nha-dat-ban-ha-noi/p730,730
https://batdongsan.com.vn/nha-dat-ban-ha-noi/p731,731
https://batdongsan.com.vn/nha-dat-ban-ha-noi/p732,732
https://batdongsan.com.vn/nha-dat-ban-ha-noi/p733,733
https://batdongsan.com.vn/nha-dat-ban-ha-noi/p734,734
https://batdongsan.com.vn/nha-dat-ban-ha-noi/p735,735
https://batdongsan.com.vn/nha-dat-ban-ha-noi/p736,736
https://batdongsan.com.vn/nha-dat-ban-ha-noi/p737,737
https://batdongsan.com.vn/nha-dat-ban-ha-noi/p738,738
https://batdongsan.com.vn/nha-dat-ban-ha-noi/p739,739
https://batdongsan.com.vn/nha-dat-ban-ha-noi/p740,740
https://batdongsan.com.vn/nha-dat-ban-ha-noi/p741,741
https://batdongsan.com.vn/nha-dat-ban-ha-noi/p742,742
https://batdongsan.com.vn/nha-dat-ban-ha-noi/p743,743
https://batdongsan.com.vn/nha-dat-ban-ha-noi/p744,744
https://batdongsan.com.vn/nha-dat-ban-ha-noi/p745,745
https://batdongsan.com.vn/nha-dat-ban-ha-noi/p746,746
https://batdongsan.com.vn/nha-dat-ban-ha-noi/p747,747
https://batdongsan.com.vn/nha-dat-ban-ha-noi/p748,748
https://batdongsan.com.vn/nha-dat-ban-ha-noi/p749,749
https://batdongsan.com.vn/nha-dat-ban-ha-noi/p750,750
https://batdongsan.com.vn/nha-dat-ban-ha-noi/p751,751
https://batdongsan.com.vn/nha-dat-ban-ha-noi/p752,752
https://batdongsan.com.vn/nha-dat-ban-ha-noi/p753,753
https://batdongsan.com.vn/nha-dat-ban-ha-noi/p754,754
https://batdongsan.com.vn/nha-dat-ban-ha-noi/p755,755
https://batdongsan.com.vn/nha-dat-ban-ha-noi/p756,756
https://batdongsan.com.vn/nha-dat-ban-ha-noi/p757,757
https://batdongsan.com.vn/nha-dat-ban-ha-noi/p758,758
https://batdongsan.com.vn/nha-dat-ban-ha-noi/p759,759
https://batdongsan.com.vn/nha-dat-ban-ha-noi/p760,760
https://batdongsan.com.vn/nha-dat-ban-ha-noi/p761,761
https://batdongsan.com.vn/nha-dat-ban-ha-noi/p762,762
https://batdongsan.com.vn/nha-dat-ban-ha-noi/p763,763
https://batdongsan.com.vn/nha-dat-ban-ha-noi/p764,764
https://batdongsan.com.vn/nha-dat-ban-ha-noi/p765,765
https://batdongsan.com.vn/nha-dat-ban-ha-noi/p766,766
https://batdongsan.com.vn/nha-dat-ban-ha-noi/p767,767
https://batdongsan.com.vn/nha-dat-ban-ha-noi/p768,768
https://batdongsan.com.vn/nha-dat-ban-ha-noi/p769,769
https://batdongsan.com.vn/nha-dat-ban-ha-noi/p770,770
https://batdongsan.com.vn/nha-dat-ban-ha-noi/p771,771
https://batdongsan.com.vn/nha-dat-ban-ha-noi/p772,772
https://batdongsan.com.vn/nha-dat-ban-ha-noi/p773,773
https://batdongsan.com.vn/nha-dat-ban-ha-noi/p774,774
https://batdongsan.com.vn/nha-dat-ban-ha-noi/p775,775
https://batdongsan.com.vn/nha-dat-ban-ha-noi/p776,776
https://batdongsan.com.vn/nha-dat-ban-ha-noi/p777,777
https://batdongsan.com.vn/nha-dat-ban-ha-noi/p778,778
https://batdongsan.com.vn/nha-dat-ban-ha-noi/p779,779
https://batdongsan.com.vn/nha-dat-ban-ha-noi/p780,780
https://batdongsan.com.vn/nha-dat-ban-ha-noi/p781,781
https://batdongsan.com.vn/nha-dat-ban-ha-noi/p782,782
https://batdongsan.com.vn/nha-dat-ban-ha-noi/p783,783
https://batdongsan.com.vn/nha-dat-ban-ha-noi/p784,784
https://batdongsan.com.vn/nha-dat-ban-ha-noi/p785,785
https://batdongsan.com.vn/nha-dat-ban-ha-noi/p786,786
https://batdongsan.com.vn/nha-dat-ban-ha-noi/p787,787
https://batdongsan.com.vn/nha-dat-ban-ha-noi/p788,788
https://batdongsan.com.vn/nha-dat-ban-ha-noi/p789,789
https://batdongsan.com.vn/nha-dat-ban-ha-noi/p790,790
https://batdongsan.com.vn/nha-dat-ban-ha-noi/p791,791
https://batdongsan.com.vn/nha-dat-ban-ha-noi/p792,792
https://batdongsan.com.vn/nha-dat-ban-ha-noi/p793,793
https://batdongsan.com.vn/nha-dat-ban-ha-noi/p794,794
https://batdongsan.com.vn/nha-dat-ban-ha-noi/p795,795
https://batdongsan.com.vn/nha-dat-ban-ha-noi/p796,796
https://batdongsan.com.vn/nha-dat-ban-ha-noi/p797,797
https://batdongsan.com.vn/nha-dat-ban-ha-noi/p798,798
https://batdongsan.com.vn/nha-dat-ban-ha-noi/p799,799
https://batdongsan.com.vn/nha-dat-ban-ha-noi/p800,800
https://batdongsan.com.vn/nha-dat-ban-ha-noi/p801,801
https://batdongsan.com.vn/nha-dat-ban-ha-noi/p802,802
https://batdongsan.com.vn/nha-dat-ban-ha-noi/p803,803
https://batdongsan.com.vn/nha-dat-ban-ha-noi/p804,804
https://batdongsan.com.vn/nha-dat-ban-ha-noi/p805,805
https://batdongsan.com.vn/nha-dat-ban-ha-noi/p806,806
https://batdongsan.com.vn/nha-dat-ban-ha-noi/p807,807
https://batdongsan.com.vn/nha-dat-ban-ha-noi/p808,808
https://batdongsan.com.vn/nha-dat-ban-ha-noi/p809,809
https://batdongsan.com.vn/nha-dat-ban-ha-noi/p810,810
https://batdongsan.com.vn/nha-dat-ban-ha-noi/p811,811
https://batdongsan.com.vn/nha-dat-ban-ha-noi/p812,812
https://batdongsan.com.vn/nha-dat-ban-ha-noi/p813,813
https://batdongsan.com.vn/nha-dat-ban-ha-noi/p814,814
https://batdongsan.com.vn/nha-dat-ban-ha-noi/p815,815
https://batdongsan.com.vn/nha-dat-ban-ha-noi/p816,816
https://batdongsan.com.vn/nha-dat-ban-ha-noi/p817,817
https://batdongsan.com.vn/nha-dat-ban-ha-noi/p818,818
https://batdongsan.com.vn/nha-dat-ban-ha-noi/p819,819
https://batdongsan.com.vn/nha-dat-ban-ha-noi/p820,820
https://batdongsan.com.vn/nha-dat-ban-ha-noi/p821,821
https://batdongsan.com.vn/nha-dat-ban-ha-noi/p822,822
https://batdongsan.com.vn/nha-dat-ban-ha-noi/p823,823
https://batdongsan.com.vn/nha-dat-ban-ha-noi/p824,824
https://batdongsan.com.vn/nha-dat-ban-ha-noi/p825,825
https://batdongsan.com.vn/nha-dat-ban-ha-noi/p826,826
https://batdongsan.com.vn/nha-dat-ban-ha-noi/p827,827
https://batdongsan.com.vn/nha-dat-ban-ha-noi/p828,828
https://batdongsan.com.vn/nha-dat-ban-ha-noi/p829,829
https://batdongsan.com.vn/nha-dat-ban-ha-noi/p830,830
https://batdongsan.com.vn/nha-dat-ban-ha-noi/p831,831
https://batdongsan.com.vn/nha-dat-ban-ha-noi/p832,832
https://batdongsan.com.vn/nha-dat-ban-ha-noi/p833,833
https://batdongsan.com.vn/nha-dat-ban-ha-noi/p834,834
https://batdongsan.com.vn/nha-dat-ban-ha-noi/p835,835
https://batdongsan.com.vn/nha-dat-ban-ha-noi/p836,836
https://batdongsan.com.vn/nha-dat-ban-ha-noi/p837,837
https://batdongsan.com.vn/nha-dat-ban-ha-noi/p838,838
https://batdongsan.com.vn/nha-dat-ban-ha-noi/p839,839
https://batdongsan.com.vn/nha-dat-ban-ha-noi/p840,840
https://batdongsan.com.vn/nha-dat-ban-ha-noi/p841,841
https://batdongsan.com.vn/nha-dat-ban-ha-noi/p842,842
https://batdongsan.com.vn/nha-dat-ban-ha-noi/p843,843
https://batdongsan.com.vn/nha-dat-ban-ha-noi/p844,844
https://batdongsan.com.vn/nha-dat-ban-ha-noi/p845,845
https://batdongsan.com.vn/nha-dat-ban-ha-noi/p846,846
https://batdongsan.com.vn/nha-dat-ban-ha-noi/p847,847
https://batdongsan.com.vn/nha-dat-ban-ha-noi/p848,848
https://batdongsan.com.vn/nha-dat-ban-ha-noi/p849,849
https://batdongsan.com.vn/nha-dat-ban-ha-noi/p850,850
https://batdongsan.com.vn/nha-dat-ban-ha-noi/p851,851
https://batdongsan.com.vn/nha-dat-ban-ha-noi/p852,852
https://batdongsan.com.vn/nha-dat-ban-ha-noi/p853,853
https://batdongsan.com.vn/nha-dat-ban-ha-noi/p854,854
https://batdongsan.com.vn/nha-dat-ban-ha-noi/p855,855
https://batdongsan.com.vn/nha-dat-ban-ha-noi/p856,856
https://batdongsan.com.vn/nha-dat-ban-ha-noi/p857,857
https://batdongsan.com.vn/nha-dat-ban-ha-noi/p858,858
https://batdongsan.com.vn/nha-dat-ban-ha-noi/p859,859
https://batdongsan.com.vn/nha-dat-ban-ha-noi/p860,860
https://batdongsan.com.vn/nha-dat-ban-ha-noi/p861,861
https://batdongsan.com.vn/nha-dat-ban-ha-noi/p862,862
https://batdongsan.com.vn/nha-dat-ban-ha-noi/p863,863
https://batdongsan.com.vn/nha-dat-ban-ha-noi/p864,864
https://batdongsan.com.vn/nha-dat-ban-ha-noi/p865,865
https://batdongsan.com.vn/nha-dat-ban-ha-noi/p866,866
https://batdongsan.com.vn/nha-dat-ban-ha-noi/p867,867
https://batdongsan.com.vn/nha-dat-ban-ha-noi/p868,868
https://batdongsan.com.vn/nha-dat-ban-ha-noi/p869,869
https://batdongsan.com.vn/nha-dat-ban-ha-noi/p870,870
https://batdongsan.com.vn/nha-dat-ban-ha-noi/p871,871
https://batdongsan.com.vn/nha-dat-ban-ha-noi/p872,872
https://batdongsan.com.vn/nha-dat-ban-ha-noi/p873,873
https://batdongsan.com.vn/nha-dat-ban-ha-noi/p874,874
https://batdongsan.com.vn/nha-dat-ban-ha-noi/p875,875
https://batdongsan.com.vn/nha-dat-ban-ha-noi/p876,876
https://batdongsan.com.vn/nha-dat-ban-ha-noi/p877,877
https://batdongsan.com.vn/nha-dat-ban-ha-noi/p878,878
https://batdongsan.com.vn/nha-dat-ban-ha-noi/p879,879
https://batdongsan.com.vn/nha-dat-ban-ha-noi/p880,880
https://batdongsan.com.vn/nha-dat-ban-ha-noi/p881,881
https://batdongsan.com.vn/nha-dat-ban-ha-noi/p882,882
https://batdongsan.com.vn/nha-dat-ban-ha-noi/p883,883
https://batdongsan.com.vn/nha-dat-ban-ha-noi/p884,884
https://batdongsan.com.vn/nha-dat-ban-ha-noi/p885,885
https://batdongsan.com.vn/nha-dat-ban-ha-noi/p886,886
https://batdongsan.com.vn/nha-dat-ban-ha-noi/p887,887
https://batdongsan.com.vn/nha-dat-ban-ha-noi/p888,888
https://batdongsan.com.vn/nha-dat-ban-ha-noi/p889,889
https://batdongsan.com.vn/nha-dat-ban-ha-noi/p890,890
https://batdongsan.com.vn/nha-dat-ban-ha-noi/p891,891
https://batdongsan.com.vn/nha-dat-ban-ha-noi/p892,892
https://batdongsan.com.vn/nha-dat-ban-ha-noi/p893,893
https://batdongsan.com.vn/nha-dat-ban-ha-noi/p894,894
https://batdongsan.com.vn/nha-dat-ban-ha-noi/p895,895
https://batdongsan.com.vn/nha-dat-ban-ha-noi/p896,896
https://batdongsan.com.vn/nha-dat-ban-ha-noi/p897,897
https://batdongsan.com.vn/nha-dat-ban-ha-noi/p898,898
https://batdongsan.com.vn/nha-dat-ban-ha-noi/p899,899
https://batdongsan.com.vn/nha-dat-ban-ha-noi/p900,900
https://batdongsan.com.vn/nha-dat-ban-ha-noi/p901,901
https://batdongsan.com.vn/nha-dat-ban-ha-noi/p902,902
https://batdongsan.com.vn/nha-dat-ban-ha-noi/p903,903
https://batdongsan.com.vn/nha-dat-ban-ha-noi/p904,904
https://batdongsan.com.vn/nha-dat-ban-ha-noi/p905,905
https://batdongsan.com.vn/nha-dat-ban-ha-noi/p906,906
https://batdongsan.com.vn/nha-dat-ban-ha-noi/p907,907
https://batdongsan.com.vn/nha-dat-ban-ha-noi/p908,908
https://batdongsan.com.vn/nha-dat-ban-ha-noi/p909,909
https://batdongsan.com.vn/nha-dat-ban-ha-noi/p910,910
https://batdongsan.com.vn/nha-dat-ban-ha-noi/p911,911
https://batdongsan.com.vn/nha-dat-ban-ha-noi/p912,912
https://batdongsan.com.vn/nha-dat-ban-ha-noi/p913,913
https://batdongsan.com.vn/nha-dat-ban-ha-noi/p914,914
https://batdongsan.com.vn/nha-dat-ban-ha-noi/p915,915
https://batdongsan.com.vn/nha-dat-ban-ha-noi/p916,916
https://batdongsan.com.vn/nha-dat-ban-ha-noi/p917,917
https://batdongsan.com.vn/nha-dat-ban-ha-noi/p918,918
https://batdongsan.com.vn/nha-dat-ban-ha-noi/p919,919
https://batdongsan.com.vn/nha-dat-ban-ha-noi/p920,920
https://batdongsan.com.vn/nha-dat-ban-ha-noi/p921,921
https://batdongsan.com.vn/nha-dat-ban-ha-noi/p922,922
https://batdongsan.com.vn/nha-dat-ban-ha-noi/p923,923
https://batdongsan.com.vn/nha-dat-ban-ha-noi/p924,924
https://batdongsan.com.vn/nha-dat-ban-ha-noi/p925,925
https://batdongsan.com.vn/nha-dat-ban-ha-noi/p926,926
https://batdongsan.com.vn/nha-dat-ban-ha-noi/p927,927
https://batdongsan.com.vn/nha-dat-ban-ha-noi/p928,928
https://batdongsan.com.vn/nha-dat-ban-ha-noi/p929,929
https://batdongsan.com.vn/nha-dat-ban-ha-noi/p930,930
https://batdongsan.com.vn/nha-dat-ban-ha-noi/p931,931
https://batdongsan.com.vn/nha-dat-ban-ha-noi/p932,932
https://batdongsan.com.vn/nha-dat-ban-ha-noi/p933,933
https://batdongsan.com.vn/nha-dat-ban-ha-noi/p934,934
https://batdongsan.com.vn/nha-dat-ban-ha-noi/p935,935
https://batdongsan.com.vn/nha-dat-ban-ha-noi/p936,936
https://batdongsan.com.vn/nha-dat-ban-ha-noi/p937,937
https://batdongsan.com.vn/nha-dat-ban-ha-noi/p938,938
https://batdongsan.com.vn/nha-dat-ban-ha-noi/p939,939
https://batdongsan.com.vn/nha-dat-ban-ha-noi/p940,940
https://batdongsan.com.vn/nha-dat-ban-ha-noi/p941,941
https://batdongsan.com.vn/nha-dat-ban-ha-noi/p942,942
https://batdongsan.com.vn/nha-dat-ban-ha-noi/p943,943
https://batdongsan.com.vn/nha-dat-ban-ha-noi/p944,944
https://batdongsan.com.vn/nha-dat-ban-ha-noi/p945,945
https://batdongsan.com.vn/nha-dat-ban-ha-noi/p946,946
https://batdongsan.com.vn/nha-dat-ban-ha-noi/p947,947
https://batdongsan.com.vn/nha-dat-ban-ha-noi/p948,948
https://batdongsan.com.vn/nha-dat-ban-ha-noi/p949,949
https://batdongsan.com.vn/nha-dat-ban-ha-noi/p950,950
https://batdongsan.com.vn/nha-dat-ban-ha-noi/p951,951
https://batdongsan.com.vn/nha-dat-ban-ha-noi/p952,952
https://batdongsan.com.vn/nha-dat-ban-ha-noi/p953,953
https://batdongsan.com.vn/nha-dat-ban-ha-noi/p954,954
https://batdongsan.com.vn/nha-dat-ban-ha-noi/p955,955
https://batdongsan.com.vn/nha-dat-ban-ha-noi/p956,956
https://batdongsan.com.vn/nha-dat-ban-ha-noi/p957,957
https://batdongsan.com.vn/nha-dat-ban-ha-noi/p958,958
https://batdongsan.com.vn/nha-dat-ban-ha-noi/p959,959
https://batdongsan.com.vn/nha-dat-ban-ha-noi/p960,960
https://batdongsan.com.vn/nha-dat-ban-ha-noi/p961,961
https://batdongsan.com.vn/nha-dat-ban-ha-noi/p962,962
https://batdongsan.com.vn/nha-dat-ban-ha-noi/p963,963
https://batdongsan.com.vn/nha-dat-ban-ha-noi/p964,964
https://batdongsan.com.vn/nha-dat-ban-ha-noi/p965,965
https://batdongsan.com.vn/nha-dat-ban-ha-noi/p966,966
https://batdongsan.com.vn/nha-dat-ban-ha-noi/p967,967
https://batdongsan.com.vn/nha-dat-ban-ha-noi/p968,968
https://batdongsan.com.vn/nha-dat-ban-ha-noi/p969,969
https://batdongsan.com.vn/nha-dat-ban-ha-noi/p970,970
https://batdongsan.com.vn/nha-dat-ban-ha-noi/p971,971
https://batdongsan.com.vn/nha-dat-ban-ha-noi/p972,972
https://batdongsan.com.vn/nha-dat-ban-ha-noi/p973,973
https://batdongsan.com.vn/nha-dat-ban-ha-noi/p974,974
https://batdongsan.com.vn/nha-dat-ban-ha-noi/p975,975
https://batdongsan.com.vn/nha-dat-ban-ha-noi/p976,976
https://batdongsan.com.vn/nha-dat-ban-ha-noi/p977,977
https://batdongsan.com.vn/nha-dat-ban-ha-noi/p978,978
https://batdongsan.com.vn/nha-dat-ban-ha-noi/p979,979
https://batdongsan.com.vn/nha-dat-ban-ha-noi/p980,980
https://batdongsan.com.vn/nha-dat-ban-ha-noi/p981,981
https://batdongsan.com.vn/nha-dat-ban-ha-noi/p982,982
https://batdongsan.com.vn/nha-dat-ban-ha-noi/p983,983
https://batdongsan.com.vn/nha-dat-ban-ha-noi/p984,984
https://batdongsan.com.vn/nha-dat-ban-ha-noi/p985,985
https://batdongsan.com.vn/nha-dat-ban-ha-noi/p986,986
https://batdongsan.com.vn/nha-dat-ban-ha-noi/p987,987
https://batdongsan.com.vn/nha-dat-ban-ha-noi/p988,988
https://batdongsan.com.vn/nha-dat-ban-ha-noi/p989,989
https://batdongsan.com.vn/nha-dat-ban-ha-noi/p990,990
https://batdongsan.com.vn/nha-dat-ban-ha-noi/p991,991
https://batdongsan.com.vn/nha-dat-ban-ha-noi/p992,992
https://batdongsan.com.vn/nha-dat-ban-ha-noi/p993,993
https://batdongsan.com.vn/nha-dat-ban-ha-noi/p994,994
https://batdongsan.com.vn/nha-dat-ban-ha-noi/p995,995
https://batdongsan.com.vn/nha-dat-ban-ha-noi/p996,996
https://batdongsan.com.vn/nha-dat-ban-ha-noi/p997,997
https://batdongsan.com.vn/nha-dat-ban-ha-noi/p998,998
https://batdongsan.com.vn/nha-dat-ban-ha-noi/p999,999
https://batdongsan.com.vn/nha-dat-ban-ha-noi/p1000,1000
https://batdongsan.com.vn/nha-dat-ban-ha-noi/p1001,1001
https://batdongsan.com.vn/nha-dat-ban-ha-noi/p1002,1002
https://batdongsan.com.vn/nha-dat-ban-ha-noi/p1003,1003
https://batdongsan.com.vn/nha-dat-ban-ha-noi/p1004,1004
https://batdongsan.com.vn/nha-dat-ban-ha-noi/p1005,1005
https://batdongsan.com.vn/nha-dat-ban-ha-noi/p1006,1006
https://batdongsan.com.vn/nha-dat-ban-ha-noi/p1007,1007
https://batdongsan.com.vn/nha-dat-ban-ha-noi/p1008,1008
https://batdongsan.com.vn/nha-dat-ban-ha-noi/p1009,1009
https://batdongsan.com.vn/nha-dat-ban-ha-noi/p1010,1010
https://batdongsan.com.vn/nha-dat-ban-ha-noi/p1011,1011
https://batdongsan.com.vn/nha-dat-ban-ha-noi/p1012,1012
https://batdongsan.com.vn/nha-dat-ban-ha-noi/p1013,1013
https://batdongsan.com.vn/nha-dat-ban-ha-noi/p1014,1014
https://batdongsan.com.vn/nha-dat-ban-ha-noi/p1015,1015
